,groups,"Dichiarazioni 
Pubbliche","Modello 
Anticorruzione",Codice,Whistleblowing,Lobbying,"Conflitto 
d'Interesse","Finanziamenti 
Politici","Traspareza 
Organizzativa",Formazione,Sostenibilità
0,UBI Banca,0.6,0.8823529411764706,0.6842105263157895,0.55,0.3333333333333333,0.6666666666666666,0.0,0.6,0.4375,1.0
1,Medie Settore (Finanziario),0.76,0.8823529411764707,0.8315789473684211,0.5800000000000001,0.41666666666666663,0.7500000000000001,0.375,0.6,0.55,0.65
2,Medie Globali,0.6518585974256924,0.7470035113613859,0.7293854958143259,0.5308708927260731,0.38040114658225327,0.6165113989639481,0.21996733213257758,0.4077622186071938,0.4747874981206908,0.3747466622575263
