,groups,"Dichiarazioni 
Pubbliche","Modello 
Anticorruzione",Codice,Whistleblowing,Lobbying,"Conflitto 
d'Interesse","Finanziamenti 
Politici
(N/A)","Traspareza 
Organizzativa",Formazione,Sostenibilità
0,Eni,0.9,1.0,0.9444444444444444,0.85,0.5,0.8333333333333334,0.01,0.9,0.5625,0.5
1,Medie Settore (Partecipate dallo Stato),0.82,0.9294117647058824,0.7222222222222223,0.6900000000000001,0.4166666666666667,0.8,0.0,0.42000000000000004,0.5875,0.2
2,Medie Globali,0.6518585974256925,0.7470035113613857,0.6799155398874456,0.5308708927260731,0.3804011465822533,0.6165113989639482,0.17597386570606205,0.4077622186071938,0.4747874981206908,0.3747466622575263
