,groups,"Dichiarazioni 
Pubbliche","Modello 
Anticorruzione",Codice,Whistleblowing,Lobbying,"Conflitto 
d'Interesse","Finanziamenti 
Politici
(N/A)","Traspareza 
Organizzativa",Formazione,Sostenibilità
0,Wind Tre,0.6,0.8823529411764706,0.6842105263157895,0.55,0.5,0.8333333333333334,0.01,0.2,0.625,0.25
1,Medie Settore (Telefonia),0.74,0.9058823529411765,0.8631578947368421,0.5900000000000001,0.5499999999999999,0.7666666666666667,0.125,0.64,0.8,0.65
2,Medie Globali,0.6518585974256924,0.7470035113613859,0.7293854958143259,0.5308708927260731,0.38040114658225327,0.6165113989639481,0.21996733213257758,0.4077622186071938,0.4747874981206908,0.3747466622575263
