,groups,"Dichiarazioni 
Pubbliche","Modello 
Anticorruzione",Codice,Whistleblowing,Lobbying,"Conflitto 
d'Interesse","Finanziamenti 
Politici","Traspareza 
Organizzativa",Formazione,Sostenibilità
0,Abb Italia,1.0,0.5882352941176471,0.8333333333333334,0.75,0.0,0.8333333333333334,0.4,0.2,0.6875,0.5
1,Medie Settore (Meccanica),0.54,0.6470588235294118,0.6222222222222222,0.49000000000000005,0.2666666666666667,0.33333333333333337,0.375,0.36,0.375,0.2
2,Medie Globali,0.6518585974256925,0.7470035113613857,0.6799155398874456,0.5308708927260731,0.3804011465822533,0.6165113989639482,0.17597386570606205,0.4077622186071938,0.4747874981206908,0.3747466622575263
